seed,epoch,avg_loss,accuracy,time_elapsed,optimizer_name,data_task
0,1,6.235310032963753,0.014,0.133402,BelOpt,modular_addition
0,2,5.817425116896629,0.013,0.254128,BelOpt,modular_addition
0,3,5.55293644964695,0.013,0.373248,BelOpt,modular_addition
0,4,5.357714116573334,0.013,0.491649,BelOpt,modular_addition
0,5,5.183308944106102,0.0135,0.610437,BelOpt,modular_addition
0,6,5.06245844066143,0.0155,0.729043,BelOpt,modular_addition
0,7,4.9784363359212875,0.015,0.847293,BelOpt,modular_addition
0,8,4.901367112994194,0.0145,0.965526,BelOpt,modular_addition
0,9,4.8617361932992935,0.013,1.08241,BelOpt,modular_addition
0,10,4.8106071054935455,0.014,1.198661,BelOpt,modular_addition
0,11,4.776064559817314,0.013,1.314702,BelOpt,modular_addition
0,12,4.745039626955986,0.012,1.431155,BelOpt,modular_addition
0,13,4.714943513274193,0.01,1.547654,BelOpt,modular_addition
0,14,4.704773366451263,0.0115,1.664299,BelOpt,modular_addition
0,15,4.68880295753479,0.013,1.780974,BelOpt,modular_addition
0,16,4.670374259352684,0.011,1.897674,BelOpt,modular_addition
0,17,4.665394112467766,0.0105,2.013909,BelOpt,modular_addition
0,18,4.65066896378994,0.009,2.129539,BelOpt,modular_addition
0,19,4.644232511520386,0.0105,2.246057,BelOpt,modular_addition
0,20,4.633829593658447,0.01,2.359339,BelOpt,modular_addition
0,21,4.631383493542671,0.011,2.472615,BelOpt,modular_addition
0,22,4.618898332118988,0.0105,2.587466,BelOpt,modular_addition
0,23,4.62155619263649,0.011,2.701072,BelOpt,modular_addition
0,24,4.612019211053848,0.0125,2.814608,BelOpt,modular_addition
0,25,4.605130642652512,0.013,2.92825,BelOpt,modular_addition
0,26,4.601947247982025,0.0125,3.041664,BelOpt,modular_addition
0,27,4.596353083848953,0.0125,3.155601,BelOpt,modular_addition
0,28,4.593063205480576,0.0125,3.269054,BelOpt,modular_addition
0,29,4.590012103319168,0.011,3.382052,BelOpt,modular_addition
0,30,4.588464260101318,0.0115,3.495268,BelOpt,modular_addition
0,31,4.584939807653427,0.0115,3.609457,BelOpt,modular_addition
0,32,4.580914378166199,0.0095,3.725245,BelOpt,modular_addition
0,33,4.5823784321546555,0.0105,3.840795,BelOpt,modular_addition
0,34,4.573738396167755,0.011,3.954533,BelOpt,modular_addition
0,35,4.578636571764946,0.0115,4.070405,BelOpt,modular_addition
0,36,4.5772023648023605,0.011,4.187614,BelOpt,modular_addition
0,37,4.574071109294891,0.011,4.303796,BelOpt,modular_addition
0,38,4.569878965616226,0.0105,4.41857,BelOpt,modular_addition
0,39,4.56945826113224,0.0135,4.532794,BelOpt,modular_addition
0,40,4.566397324204445,0.0125,4.647526,BelOpt,modular_addition
0,41,4.5610672533512115,0.0125,4.762596,BelOpt,modular_addition
0,42,4.562863662838936,0.0135,4.87673,BelOpt,modular_addition
0,43,4.560037925839424,0.0125,4.991313,BelOpt,modular_addition
0,44,4.561818212270737,0.013,5.105436,BelOpt,modular_addition
0,45,4.56081035733223,0.014,5.219872,BelOpt,modular_addition
0,46,4.558809518814087,0.0135,5.336363,BelOpt,modular_addition
0,47,4.55621699988842,0.014,5.451862,BelOpt,modular_addition
0,48,4.55564472079277,0.014,5.568334,BelOpt,modular_addition
0,49,4.5601155161857605,0.0145,5.687733,BelOpt,modular_addition
0,50,4.556901231408119,0.0145,5.813184,BelOpt,modular_addition
1,1,6.307058781385422,0.009,0.116964,BelOpt,modular_addition
1,2,5.814148500561714,0.01,0.237629,BelOpt,modular_addition
1,3,5.503472626209259,0.0095,0.359745,BelOpt,modular_addition
1,4,5.274855688214302,0.011,0.477392,BelOpt,modular_addition
1,5,5.115501403808594,0.011,0.595059,BelOpt,modular_addition
1,6,5.009665235877037,0.009,0.716023,BelOpt,modular_addition
1,7,4.9183163940906525,0.0095,0.832814,BelOpt,modular_addition
1,8,4.856082379817963,0.0105,0.949626,BelOpt,modular_addition
1,9,4.818967774510384,0.0095,1.067127,BelOpt,modular_addition
1,10,4.77126632630825,0.0105,1.184833,BelOpt,modular_addition
1,11,4.742719531059265,0.0105,1.302713,BelOpt,modular_addition
1,12,4.715350493788719,0.0115,1.42021,BelOpt,modular_addition
1,13,4.697470337152481,0.0125,1.538102,BelOpt,modular_addition
1,14,4.684792742133141,0.0135,1.656922,BelOpt,modular_addition
1,15,4.666504457592964,0.012,1.774578,BelOpt,modular_addition
1,16,4.654650911688805,0.016,1.892162,BelOpt,modular_addition
1,17,4.641841724514961,0.015,2.010274,BelOpt,modular_addition
1,18,4.638260155916214,0.0155,2.127704,BelOpt,modular_addition
1,19,4.62359943985939,0.0165,2.244888,BelOpt,modular_addition
1,20,4.620720535516739,0.0165,2.362238,BelOpt,modular_addition
1,21,4.614286810159683,0.0175,2.47875,BelOpt,modular_addition
1,22,4.609416708350182,0.0165,2.594179,BelOpt,modular_addition
1,23,4.603325933218002,0.018,2.708635,BelOpt,modular_addition
1,24,4.597167789936066,0.018,2.823221,BelOpt,modular_addition
1,25,4.597441151738167,0.0185,2.938676,BelOpt,modular_addition
1,26,4.5884455144405365,0.0195,3.053782,BelOpt,modular_addition
1,27,4.587256073951721,0.0185,3.17109,BelOpt,modular_addition
1,28,4.5829146057367325,0.018,3.290058,BelOpt,modular_addition
1,29,4.576342672109604,0.019,3.409422,BelOpt,modular_addition
1,30,4.575855612754822,0.0195,3.527556,BelOpt,modular_addition
1,31,4.574536144733429,0.019,3.644702,BelOpt,modular_addition
1,32,4.569300353527069,0.019,3.762698,BelOpt,modular_addition
1,33,4.566998541355133,0.018,3.880931,BelOpt,modular_addition
1,34,4.566929310560226,0.0205,3.998108,BelOpt,modular_addition
1,35,4.562334448099136,0.0195,4.11628,BelOpt,modular_addition
1,36,4.5627744644880295,0.019,4.234321,BelOpt,modular_addition
1,37,4.5629481971263885,0.019,4.353953,BelOpt,modular_addition
1,38,4.55897057056427,0.0185,4.472277,BelOpt,modular_addition
1,39,4.560136154294014,0.018,4.590833,BelOpt,modular_addition
1,40,4.560472533106804,0.0175,4.709327,BelOpt,modular_addition
1,41,4.556515023112297,0.0195,4.828594,BelOpt,modular_addition
1,42,4.555006444454193,0.0185,4.947328,BelOpt,modular_addition
1,43,4.5528967678546906,0.019,5.065572,BelOpt,modular_addition
1,44,4.553741872310638,0.0165,5.184579,BelOpt,modular_addition
1,45,4.55106945335865,0.02,5.3014,BelOpt,modular_addition
1,46,4.551887825131416,0.019,5.418699,BelOpt,modular_addition
1,47,4.551059931516647,0.018,5.536701,BelOpt,modular_addition
1,48,4.550107195973396,0.0175,5.65336,BelOpt,modular_addition
1,49,4.5479386895895,0.019,5.770829,BelOpt,modular_addition
1,50,4.5476894080638885,0.018,5.888208,BelOpt,modular_addition
2,1,5.393225997686386,0.009,0.117099,BelOpt,modular_addition
2,2,5.186576411128044,0.009,0.234302,BelOpt,modular_addition
2,3,5.0456573367118835,0.0095,0.350439,BelOpt,modular_addition
2,4,4.934288039803505,0.009,0.465327,BelOpt,modular_addition
2,5,4.861290663480759,0.012,0.580764,BelOpt,modular_addition
2,6,4.815437540411949,0.0125,0.696019,BelOpt,modular_addition
2,7,4.773830279707909,0.0125,0.813047,BelOpt,modular_addition
2,8,4.735553428530693,0.0105,0.928411,BelOpt,modular_addition
2,9,4.711543560028076,0.011,1.043889,BelOpt,modular_addition
2,10,4.695152431726456,0.0105,1.159198,BelOpt,modular_addition
2,11,4.674889415502548,0.0115,1.274126,BelOpt,modular_addition
2,12,4.659245535731316,0.0105,1.388394,BelOpt,modular_addition
2,13,4.644309893250465,0.0115,1.504002,BelOpt,modular_addition
2,14,4.635312885046005,0.013,1.621212,BelOpt,modular_addition
2,15,4.628623276948929,0.015,1.738266,BelOpt,modular_addition
2,16,4.619418650865555,0.0145,1.855279,BelOpt,modular_addition
2,17,4.612112134695053,0.0135,1.972389,BelOpt,modular_addition
2,18,4.611060604453087,0.014,2.088628,BelOpt,modular_addition
2,19,4.603596404194832,0.0145,2.204904,BelOpt,modular_addition
2,20,4.597179487347603,0.0125,2.322423,BelOpt,modular_addition
2,21,4.592343226075172,0.014,2.440158,BelOpt,modular_addition
2,22,4.588006749749184,0.0145,2.556687,BelOpt,modular_addition
2,23,4.585926860570908,0.0135,2.673566,BelOpt,modular_addition
2,24,4.582302734255791,0.0125,2.790161,BelOpt,modular_addition
2,25,4.5778074860572815,0.0135,2.906744,BelOpt,modular_addition
2,26,4.5768745094537735,0.0145,3.024099,BelOpt,modular_addition
2,27,4.574902251362801,0.0135,3.140496,BelOpt,modular_addition
2,28,4.569187372922897,0.016,3.257921,BelOpt,modular_addition
2,29,4.570579767227173,0.015,3.375023,BelOpt,modular_addition
2,30,4.5671544671058655,0.0155,3.491311,BelOpt,modular_addition
2,31,4.566594064235687,0.0155,3.608542,BelOpt,modular_addition
2,32,4.563468798995018,0.014,3.728157,BelOpt,modular_addition
2,33,4.559935137629509,0.0155,3.846434,BelOpt,modular_addition
2,34,4.5604953318834305,0.015,3.96526,BelOpt,modular_addition
2,35,4.5592459589242935,0.014,4.085562,BelOpt,modular_addition
2,36,4.561397686600685,0.015,4.204358,BelOpt,modular_addition
2,37,4.556019380688667,0.0155,4.323195,BelOpt,modular_addition
2,38,4.553659677505493,0.0155,4.44236,BelOpt,modular_addition
2,39,4.554619580507278,0.016,4.560435,BelOpt,modular_addition
2,40,4.55478347837925,0.014,4.677315,BelOpt,modular_addition
2,41,4.549935087561607,0.0145,4.794247,BelOpt,modular_addition
2,42,4.5496756285429,0.0175,4.911769,BelOpt,modular_addition
2,43,4.549197867512703,0.0165,5.03025,BelOpt,modular_addition
2,44,4.551742300391197,0.0165,5.148682,BelOpt,modular_addition
2,45,4.548590570688248,0.017,5.26735,BelOpt,modular_addition
2,46,4.547868132591248,0.0175,5.386284,BelOpt,modular_addition
2,47,4.5476906299591064,0.018,5.503601,BelOpt,modular_addition
2,48,4.545880168676376,0.017,5.62164,BelOpt,modular_addition
2,49,4.547374367713928,0.0185,5.739257,BelOpt,modular_addition
2,50,4.546345561742783,0.0175,5.856732,BelOpt,modular_addition
0,1,6.248446851968765,0.014,0.118505,BelOpt,modular_addition
0,2,5.847383841872215,0.014,0.236393,BelOpt,modular_addition
0,3,5.5920844823122025,0.013,0.353785,BelOpt,modular_addition
0,4,5.401828467845917,0.013,0.471569,BelOpt,modular_addition
0,5,5.2283946722745895,0.013,0.589952,BelOpt,modular_addition
0,6,5.1066183894872665,0.014,0.706281,BelOpt,modular_addition
0,7,5.020764768123627,0.014,0.82404,BelOpt,modular_addition
0,8,4.9408678859472275,0.014,0.939005,BelOpt,modular_addition
0,9,4.899907797574997,0.013,1.05425,BelOpt,modular_addition
0,10,4.846206933259964,0.0125,1.169991,BelOpt,modular_addition
0,11,4.809522703289986,0.014,1.284671,BelOpt,modular_addition
0,12,4.7768567353487015,0.0135,1.399611,BelOpt,modular_addition
0,13,4.744339615106583,0.0125,1.514972,BelOpt,modular_addition
0,14,4.733785420656204,0.009,1.631671,BelOpt,modular_addition
0,15,4.716616615653038,0.0155,1.749543,BelOpt,modular_addition
0,16,4.69621267914772,0.011,1.867548,BelOpt,modular_addition
0,17,4.691810458898544,0.0105,1.985111,BelOpt,modular_addition
0,18,4.675621688365936,0.0115,2.10258,BelOpt,modular_addition
0,19,4.667297154664993,0.012,2.220682,BelOpt,modular_addition
0,20,4.655595675110817,0.011,2.338546,BelOpt,modular_addition
0,21,4.653775826096535,0.0115,2.457061,BelOpt,modular_addition
0,22,4.639406383037567,0.0095,2.575948,BelOpt,modular_addition
0,23,4.642484083771706,0.01,2.694717,BelOpt,modular_addition
0,24,4.631307512521744,0.009,2.812858,BelOpt,modular_addition
0,25,4.623881980776787,0.012,2.930564,BelOpt,modular_addition
0,26,4.620793655514717,0.0095,3.048444,BelOpt,modular_addition
0,27,4.614926844835281,0.01,3.166723,BelOpt,modular_addition
0,28,4.610671550035477,0.012,3.28433,BelOpt,modular_addition
0,29,4.6061976701021194,0.0105,3.401707,BelOpt,modular_addition
0,30,4.605963945388794,0.012,3.519259,BelOpt,modular_addition
0,31,4.602387964725494,0.0135,3.636466,BelOpt,modular_addition
0,32,4.596991926431656,0.0125,3.7527,BelOpt,modular_addition
0,33,4.5981035977602005,0.0135,3.868669,BelOpt,modular_addition
0,34,4.5892084538936615,0.0135,3.983977,BelOpt,modular_addition
0,35,4.595141738653183,0.011,4.100333,BelOpt,modular_addition
0,36,4.5938462018966675,0.0135,4.21629,BelOpt,modular_addition
0,37,4.5886280089616776,0.013,4.33199,BelOpt,modular_addition
0,38,4.5835762321949005,0.0135,4.448545,BelOpt,modular_addition
0,39,4.583437949419022,0.0155,4.56421,BelOpt,modular_addition
0,40,4.579798057675362,0.0145,4.680743,BelOpt,modular_addition
0,41,4.574449330568314,0.0155,4.796639,BelOpt,modular_addition
0,42,4.574835553765297,0.017,4.912341,BelOpt,modular_addition
0,43,4.572686925530434,0.016,5.028559,BelOpt,modular_addition
0,44,4.574277624487877,0.016,5.145571,BelOpt,modular_addition
0,45,4.570955961942673,0.0165,5.264616,BelOpt,modular_addition
0,46,4.570000976324081,0.0175,5.382041,BelOpt,modular_addition
0,47,4.565436020493507,0.018,5.497513,BelOpt,modular_addition
0,48,4.56637816131115,0.0185,5.615919,BelOpt,modular_addition
0,49,4.571929097175598,0.019,5.733185,BelOpt,modular_addition
0,50,4.56708499789238,0.0185,5.851357,BelOpt,modular_addition
1,1,6.321791291236877,0.0085,0.117162,BelOpt,modular_addition
1,2,5.849232763051987,0.0095,0.234146,BelOpt,modular_addition
1,3,5.547181010246277,0.01,0.351554,BelOpt,modular_addition
1,4,5.320924162864685,0.011,0.471874,BelOpt,modular_addition
1,5,5.16060908138752,0.0105,0.58911,BelOpt,modular_addition
1,6,5.053865626454353,0.0095,0.707176,BelOpt,modular_addition
1,7,4.958890795707703,0.0095,0.825607,BelOpt,modular_addition
1,8,4.893427833914757,0.01,0.943763,BelOpt,modular_addition
1,9,4.8540529906749725,0.0095,1.06111,BelOpt,modular_addition
1,10,4.802543804049492,0.011,1.178149,BelOpt,modular_addition
1,11,4.772473409771919,0.0105,1.295093,BelOpt,modular_addition
1,12,4.742995262145996,0.0125,1.412105,BelOpt,modular_addition
1,13,4.724121868610382,0.0115,1.52908,BelOpt,modular_addition
1,14,4.710526570677757,0.0135,1.646063,BelOpt,modular_addition
1,15,4.691669777035713,0.011,1.763105,BelOpt,modular_addition
1,16,4.679289072751999,0.014,1.879973,BelOpt,modular_addition
1,17,4.665234670042992,0.014,1.995256,BelOpt,modular_addition
1,18,4.6625237464904785,0.0175,2.109672,BelOpt,modular_addition
1,19,4.644915610551834,0.017,2.224068,BelOpt,modular_addition
1,20,4.642930209636688,0.017,2.338795,BelOpt,modular_addition
1,21,4.635619133710861,0.0175,2.453193,BelOpt,modular_addition
1,22,4.629665121436119,0.016,2.568406,BelOpt,modular_addition
1,23,4.623183891177177,0.0185,2.682969,BelOpt,modular_addition
1,24,4.616485044360161,0.017,2.80103,BelOpt,modular_addition
1,25,4.616825699806213,0.017,2.918606,BelOpt,modular_addition
1,26,4.606098845601082,0.0175,3.037212,BelOpt,modular_addition
1,27,4.604624509811401,0.019,3.156437,BelOpt,modular_addition
1,28,4.600759148597717,0.018,3.275239,BelOpt,modular_addition
1,29,4.593078851699829,0.0175,3.393192,BelOpt,modular_addition
1,30,4.592066258192062,0.0185,3.510484,BelOpt,modular_addition
1,31,4.589653119444847,0.018,3.629091,BelOpt,modular_addition
1,32,4.584446936845779,0.0185,3.745245,BelOpt,modular_addition
1,33,4.581935077905655,0.0185,3.863036,BelOpt,modular_addition
1,34,4.581696629524231,0.0175,3.982196,BelOpt,modular_addition
1,35,4.577059417963028,0.0185,4.099524,BelOpt,modular_addition
1,36,4.576857879757881,0.019,4.219843,BelOpt,modular_addition
1,37,4.5756139904260635,0.0205,4.339645,BelOpt,modular_addition
1,38,4.574010133743286,0.0195,4.456279,BelOpt,modular_addition
1,39,4.573937565088272,0.0205,4.572886,BelOpt,modular_addition
1,40,4.574842631816864,0.0215,4.690815,BelOpt,modular_addition
1,41,4.57021327316761,0.022,4.808213,BelOpt,modular_addition
1,42,4.568328276276588,0.0215,4.923577,BelOpt,modular_addition
1,43,4.56557509303093,0.0215,5.038487,BelOpt,modular_addition
1,44,4.565878286957741,0.0225,5.153277,BelOpt,modular_addition
1,45,4.56065545976162,0.0225,5.269029,BelOpt,modular_addition
1,46,4.5624504536390305,0.0225,5.38624,BelOpt,modular_addition
1,47,4.5619911551475525,0.024,5.502025,BelOpt,modular_addition
1,48,4.56088262796402,0.0235,5.618112,BelOpt,modular_addition
1,49,4.556871652603149,0.0235,5.736333,BelOpt,modular_addition
1,50,4.5573295801877975,0.023,5.854925,BelOpt,modular_addition
2,1,5.399201735854149,0.009,0.117998,BelOpt,modular_addition
2,2,5.201209411025047,0.009,0.235648,BelOpt,modular_addition
2,3,5.065364703536034,0.009,0.353389,BelOpt,modular_addition
2,4,4.9559329599142075,0.0085,0.471049,BelOpt,modular_addition
2,5,4.883508160710335,0.012,0.588732,BelOpt,modular_addition
2,6,4.838377311825752,0.0125,0.705878,BelOpt,modular_addition
2,7,4.796465024352074,0.0125,0.823204,BelOpt,modular_addition
2,8,4.7572609186172485,0.011,0.941109,BelOpt,modular_addition
2,9,4.732505947351456,0.012,1.058189,BelOpt,modular_addition
2,10,4.715941950678825,0.011,1.177591,BelOpt,modular_addition
2,11,4.69441020488739,0.011,1.295144,BelOpt,modular_addition
2,12,4.67850649356842,0.0105,1.412374,BelOpt,modular_addition
2,13,4.662431567907333,0.0115,1.52986,BelOpt,modular_addition
2,14,4.653500065207481,0.012,1.646138,BelOpt,modular_addition
2,15,4.646082848310471,0.0145,1.761104,BelOpt,modular_addition
2,16,4.6359919756650925,0.0145,1.876315,BelOpt,modular_addition
2,17,4.628069490194321,0.0145,1.990698,BelOpt,modular_addition
2,18,4.627710774540901,0.0155,2.111199,BelOpt,modular_addition
2,19,4.619142130017281,0.0145,2.227795,BelOpt,modular_addition
2,20,4.612044632434845,0.013,2.343966,BelOpt,modular_addition
2,21,4.606680825352669,0.016,2.460233,BelOpt,modular_addition
2,22,4.602089092135429,0.0155,2.576833,BelOpt,modular_addition
2,23,4.599469691514969,0.013,2.693173,BelOpt,modular_addition
2,24,4.594920054078102,0.0155,2.809681,BelOpt,modular_addition
2,25,4.589934304356575,0.014,2.926144,BelOpt,modular_addition
2,26,4.5894376784563065,0.0155,3.043213,BelOpt,modular_addition
2,27,4.587235763669014,0.0155,3.161727,BelOpt,modular_addition
2,28,4.580210462212563,0.0145,3.278743,BelOpt,modular_addition
2,29,4.582716286182404,0.016,3.395888,BelOpt,modular_addition
2,30,4.5781190395355225,0.0185,3.513062,BelOpt,modular_addition
2,31,4.57804362475872,0.018,3.630305,BelOpt,modular_addition
2,32,4.573937892913818,0.0165,3.748273,BelOpt,modular_addition
2,33,4.5703186839818954,0.016,3.865297,BelOpt,modular_addition
2,34,4.570212930440903,0.017,3.981844,BelOpt,modular_addition
2,35,4.5689574629068375,0.0165,4.098024,BelOpt,modular_addition
2,36,4.571686565876007,0.017,4.21417,BelOpt,modular_addition
2,37,4.566103890538216,0.018,4.330187,BelOpt,modular_addition
2,38,4.562497287988663,0.0175,4.446264,BelOpt,modular_addition
2,39,4.563109040260315,0.016,4.56113,BelOpt,modular_addition
2,40,4.5630380511283875,0.0165,4.674719,BelOpt,modular_addition
2,41,4.558417454361916,0.016,4.790279,BelOpt,modular_addition
2,42,4.557421997189522,0.016,4.906772,BelOpt,modular_addition
2,43,4.557048454880714,0.015,5.022667,BelOpt,modular_addition
2,44,4.559085264801979,0.0165,5.138227,BelOpt,modular_addition
2,45,4.554735824465752,0.0175,5.253382,BelOpt,modular_addition
2,46,4.555879235267639,0.019,5.368758,BelOpt,modular_addition
2,47,4.555073916912079,0.019,5.484057,BelOpt,modular_addition
2,48,4.552841335535049,0.019,5.599549,BelOpt,modular_addition
2,49,4.552999138832092,0.0185,5.714849,BelOpt,modular_addition
2,50,4.552373439073563,0.0185,5.83021,BelOpt,modular_addition
0,1,6.235328450798988,0.014,0.118018,BelOpt,modular_addition
0,2,5.817370027303696,0.013,0.231906,BelOpt,modular_addition
0,3,5.552932426333427,0.013,0.34574,BelOpt,modular_addition
0,4,5.357650443911552,0.013,0.459858,BelOpt,modular_addition
0,5,5.183320388197899,0.0135,0.573617,BelOpt,modular_addition
0,6,5.062538892030716,0.0155,0.687556,BelOpt,modular_addition
0,7,4.978524416685104,0.0155,0.801489,BelOpt,modular_addition
0,8,4.901460200548172,0.0145,0.915851,BelOpt,modular_addition
0,9,4.861809685826302,0.013,1.030387,BelOpt,modular_addition
0,10,4.810722798109055,0.014,1.146067,BelOpt,modular_addition
0,11,4.776177495718002,0.0135,1.262138,BelOpt,modular_addition
0,12,4.745119318366051,0.012,1.377961,BelOpt,modular_addition
0,13,4.715052112936974,0.01,1.493355,BelOpt,modular_addition
0,14,4.704855635762215,0.0115,1.608276,BelOpt,modular_addition
0,15,4.688892677426338,0.013,1.723502,BelOpt,modular_addition
0,16,4.6704729944467545,0.011,1.838819,BelOpt,modular_addition
0,17,4.665459364652634,0.0105,1.954133,BelOpt,modular_addition
0,18,4.650747165083885,0.0095,2.070357,BelOpt,modular_addition
0,19,4.644296646118164,0.0105,2.186995,BelOpt,modular_addition
0,20,4.633877083659172,0.0095,2.303647,BelOpt,modular_addition
0,21,4.631432592868805,0.011,2.421215,BelOpt,modular_addition
0,22,4.618915423750877,0.011,2.537713,BelOpt,modular_addition
0,23,4.62157940864563,0.011,2.654573,BelOpt,modular_addition
0,24,4.612040892243385,0.0125,2.770983,BelOpt,modular_addition
0,25,4.605158269405365,0.0135,2.887153,BelOpt,modular_addition
0,26,4.601980105042458,0.0125,3.0034,BelOpt,modular_addition
0,27,4.596377655863762,0.0125,3.120579,BelOpt,modular_addition
0,28,4.593088999390602,0.0125,3.235793,BelOpt,modular_addition
0,29,4.590031206607819,0.011,3.35102,BelOpt,modular_addition
0,30,4.588507667183876,0.0115,3.465554,BelOpt,modular_addition
0,31,4.584969028830528,0.0115,3.581536,BelOpt,modular_addition
0,32,4.580954611301422,0.0095,3.696674,BelOpt,modular_addition
0,33,4.582421347498894,0.0105,3.811596,BelOpt,modular_addition
0,34,4.573783695697784,0.011,3.926572,BelOpt,modular_addition
0,35,4.578667759895325,0.0115,4.041637,BelOpt,modular_addition
0,36,4.577238202095032,0.011,4.157669,BelOpt,modular_addition
0,37,4.5740949511528015,0.011,4.274361,BelOpt,modular_addition
0,38,4.56989973783493,0.011,4.39084,BelOpt,modular_addition
0,39,4.569482371211052,0.014,4.506797,BelOpt,modular_addition
0,40,4.566411316394806,0.013,4.622986,BelOpt,modular_addition
0,41,4.561060935258865,0.0125,4.739222,BelOpt,modular_addition
0,42,4.562871024012566,0.0135,4.854674,BelOpt,modular_addition
0,43,4.560038447380066,0.0125,4.970581,BelOpt,modular_addition
0,44,4.561807796359062,0.0135,5.086709,BelOpt,modular_addition
0,45,4.560816317796707,0.014,5.201821,BelOpt,modular_addition
0,46,4.558805242180824,0.013,5.316646,BelOpt,modular_addition
0,47,4.556223645806313,0.014,5.429744,BelOpt,modular_addition
0,48,4.555658131837845,0.014,5.544097,BelOpt,modular_addition
0,49,4.560127153992653,0.0145,5.658256,BelOpt,modular_addition
0,50,4.5569136291742325,0.0145,5.772758,BelOpt,modular_addition
1,1,6.306969985365868,0.009,0.114759,BelOpt,modular_addition
1,2,5.814191713929176,0.01,0.229294,BelOpt,modular_addition
1,3,5.50354129076004,0.0095,0.344174,BelOpt,modular_addition
1,4,5.274986520409584,0.011,0.458859,BelOpt,modular_addition
1,5,5.115617975592613,0.011,0.575377,BelOpt,modular_addition
1,6,5.0097023248672485,0.009,0.690107,BelOpt,modular_addition
1,7,4.918296441435814,0.0095,0.804461,BelOpt,modular_addition
1,8,4.8560347855091095,0.0105,0.918807,BelOpt,modular_addition
1,9,4.818943202495575,0.0095,1.032832,BelOpt,modular_addition
1,10,4.771239757537842,0.0105,1.1473,BelOpt,modular_addition
1,11,4.742664456367493,0.011,1.262137,BelOpt,modular_addition
1,12,4.715302869677544,0.0115,1.376834,BelOpt,modular_addition
1,13,4.697433277964592,0.0125,1.490855,BelOpt,modular_addition
1,14,4.684752374887466,0.0135,1.60526,BelOpt,modular_addition
1,15,4.666472092270851,0.012,1.719776,BelOpt,modular_addition
1,16,4.654621854424477,0.016,1.834788,BelOpt,modular_addition
1,17,4.64180925488472,0.015,1.949886,BelOpt,modular_addition
1,18,4.6382125467062,0.0155,2.064443,BelOpt,modular_addition
1,19,4.623540922999382,0.0165,2.179512,BelOpt,modular_addition
1,20,4.620656803250313,0.0165,2.296988,BelOpt,modular_addition
1,21,4.6142453998327255,0.0175,2.412232,BelOpt,modular_addition
1,22,4.609358116984367,0.017,2.527233,BelOpt,modular_addition
1,23,4.603266790509224,0.018,2.641901,BelOpt,modular_addition
1,24,4.5971198081970215,0.0175,2.756344,BelOpt,modular_addition
1,25,4.597373187541962,0.0185,2.8712,BelOpt,modular_addition
1,26,4.58838564157486,0.0195,2.986209,BelOpt,modular_addition
1,27,4.5872063636779785,0.0185,3.10083,BelOpt,modular_addition
1,28,4.5828538835048676,0.018,3.215706,BelOpt,modular_addition
1,29,4.576281934976578,0.019,3.331549,BelOpt,modular_addition
1,30,4.575803056359291,0.019,3.447953,BelOpt,modular_addition
1,31,4.574475392699242,0.0185,3.563701,BelOpt,modular_addition
1,32,4.569237560033798,0.0185,3.679413,BelOpt,modular_addition
1,33,4.566947668790817,0.018,3.795323,BelOpt,modular_addition
1,34,4.566884160041809,0.021,3.911879,BelOpt,modular_addition
1,35,4.562291249632835,0.019,4.028451,BelOpt,modular_addition
1,36,4.562735766172409,0.019,4.144306,BelOpt,modular_addition
1,37,4.562920555472374,0.0185,4.259857,BelOpt,modular_addition
1,38,4.558935046195984,0.0185,4.376476,BelOpt,modular_addition
1,39,4.560110494494438,0.018,4.492892,BelOpt,modular_addition
1,40,4.560453161597252,0.0175,4.60778,BelOpt,modular_addition
1,41,4.556488752365112,0.0195,4.723094,BelOpt,modular_addition
1,42,4.5549783408641815,0.0185,4.838881,BelOpt,modular_addition
1,43,4.5528775453567505,0.019,4.95352,BelOpt,modular_addition
1,44,4.553713098168373,0.016,5.070312,BelOpt,modular_addition
1,45,4.551070600748062,0.0195,5.189864,BelOpt,modular_addition
1,46,4.551878437399864,0.019,5.303452,BelOpt,modular_addition
1,47,4.551045790314674,0.018,5.417408,BelOpt,modular_addition
1,48,4.550090402364731,0.0175,5.53105,BelOpt,modular_addition
1,49,4.547914445400238,0.019,5.644946,BelOpt,modular_addition
1,50,4.547659665346146,0.018,5.758966,BelOpt,modular_addition
2,1,5.393229246139526,0.009,0.114098,BelOpt,modular_addition
2,2,5.186551138758659,0.009,0.227794,BelOpt,modular_addition
2,3,5.045673713088036,0.0095,0.341665,BelOpt,modular_addition
2,4,4.934272021055222,0.009,0.45544,BelOpt,modular_addition
2,5,4.861261278390884,0.012,0.571545,BelOpt,modular_addition
2,6,4.815403953194618,0.0125,0.687426,BelOpt,modular_addition
2,7,4.773762196302414,0.0125,0.803342,BelOpt,modular_addition
2,8,4.735489293932915,0.0105,0.918245,BelOpt,modular_addition
2,9,4.711469739675522,0.011,1.035709,BelOpt,modular_addition
2,10,4.695080742239952,0.0105,1.152468,BelOpt,modular_addition
2,11,4.674841746687889,0.0115,1.270195,BelOpt,modular_addition
2,12,4.659180700778961,0.0105,1.386864,BelOpt,modular_addition
2,13,4.644232466816902,0.012,1.504671,BelOpt,modular_addition
2,14,4.63524954020977,0.013,1.621806,BelOpt,modular_addition
2,15,4.6285561472177505,0.0145,1.738081,BelOpt,modular_addition
2,16,4.619339406490326,0.0145,1.8544,BelOpt,modular_addition
2,17,4.612060502171516,0.0135,1.971554,BelOpt,modular_addition
2,18,4.6110029220581055,0.014,2.087544,BelOpt,modular_addition
2,19,4.603546917438507,0.0145,2.202882,BelOpt,modular_addition
2,20,4.5971173495054245,0.013,2.318379,BelOpt,modular_addition
2,21,4.592296853661537,0.014,2.43396,BelOpt,modular_addition
2,22,4.587952747941017,0.0145,2.552174,BelOpt,modular_addition
2,23,4.585897877812386,0.0135,2.667858,BelOpt,modular_addition
2,24,4.582272693514824,0.013,2.782197,BelOpt,modular_addition
2,25,4.577773451805115,0.013,2.896238,BelOpt,modular_addition
2,26,4.576853185892105,0.0145,3.010291,BelOpt,modular_addition
2,27,4.574889928102493,0.0135,3.124098,BelOpt,modular_addition
2,28,4.569174215197563,0.016,3.2392,BelOpt,modular_addition
2,29,4.570570692420006,0.0155,3.355553,BelOpt,modular_addition
2,30,4.5671416670084,0.0155,3.472328,BelOpt,modular_addition
2,31,4.56659035384655,0.0155,3.589996,BelOpt,modular_addition
2,32,4.563473746180534,0.014,3.707421,BelOpt,modular_addition
2,33,4.5599319487810135,0.0155,3.82702,BelOpt,modular_addition
2,34,4.560507372021675,0.015,3.949811,BelOpt,modular_addition
2,35,4.55925415456295,0.0145,4.067938,BelOpt,modular_addition
2,36,4.561406031250954,0.015,4.185949,BelOpt,modular_addition
2,37,4.556037560105324,0.016,4.304544,BelOpt,modular_addition
2,38,4.553671970963478,0.0155,4.42313,BelOpt,modular_addition
2,39,4.554629370570183,0.016,4.540488,BelOpt,modular_addition
2,40,4.554800182580948,0.014,4.658595,BelOpt,modular_addition
2,41,4.549945309758186,0.015,4.775617,BelOpt,modular_addition
2,42,4.549699828028679,0.0175,4.891327,BelOpt,modular_addition
2,43,4.549215406179428,0.0165,5.006578,BelOpt,modular_addition
2,44,4.551766455173492,0.016,5.121132,BelOpt,modular_addition
2,45,4.548609063029289,0.018,5.236124,BelOpt,modular_addition
2,46,4.547880172729492,0.0175,5.350882,BelOpt,modular_addition
2,47,4.547708630561829,0.018,5.467366,BelOpt,modular_addition
2,48,4.5459107011556625,0.017,5.585221,BelOpt,modular_addition
2,49,4.54740072786808,0.019,5.701593,BelOpt,modular_addition
2,50,4.546356350183487,0.0175,5.81751,BelOpt,modular_addition
0,1,6.2484660148620605,0.014,0.116489,BelOpt,modular_addition
0,2,5.8473240584135056,0.014,0.236154,BelOpt,modular_addition
0,3,5.592078015208244,0.013,0.35209,BelOpt,modular_addition
0,4,5.401756197214127,0.013,0.466554,BelOpt,modular_addition
0,5,5.228406012058258,0.013,0.580987,BelOpt,modular_addition
0,6,5.1067070215940475,0.014,0.698529,BelOpt,modular_addition
0,7,5.020858943462372,0.014,0.813682,BelOpt,modular_addition
0,8,4.940964162349701,0.014,0.928863,BelOpt,modular_addition
0,9,4.899980932474136,0.0135,1.043982,BelOpt,modular_addition
0,10,4.846326529979706,0.013,1.159127,BelOpt,modular_addition
0,11,4.809638649225235,0.014,1.273631,BelOpt,modular_addition
0,12,4.776938825845718,0.0135,1.388519,BelOpt,modular_addition
0,13,4.744453176856041,0.0125,1.503951,BelOpt,modular_addition
0,14,4.733881801366806,0.009,1.619813,BelOpt,modular_addition
0,15,4.716726675629616,0.0145,1.736317,BelOpt,modular_addition
0,16,4.6963343024253845,0.011,1.851158,BelOpt,modular_addition
0,17,4.691901966929436,0.0105,1.966191,BelOpt,modular_addition
0,18,4.675726041197777,0.0115,2.083133,BelOpt,modular_addition
0,19,4.6673897206783295,0.0125,2.199901,BelOpt,modular_addition
0,20,4.655674368143082,0.011,2.315008,BelOpt,modular_addition
0,21,4.653853818774223,0.0115,2.429328,BelOpt,modular_addition
0,22,4.63945896923542,0.0085,2.544709,BelOpt,modular_addition
0,23,4.642542168498039,0.0095,2.665273,BelOpt,modular_addition
0,24,4.631367921829224,0.009,2.782685,BelOpt,modular_addition
0,25,4.623949468135834,0.012,2.898258,BelOpt,modular_addition
0,26,4.620863273739815,0.01,3.013221,BelOpt,modular_addition
0,27,4.614989593625069,0.01,3.128755,BelOpt,modular_addition
0,28,4.610729545354843,0.012,3.243839,BelOpt,modular_addition
0,29,4.606243282556534,0.011,3.359868,BelOpt,modular_addition
0,30,4.606029570102692,0.012,3.475328,BelOpt,modular_addition
0,31,4.602436617016792,0.014,3.590606,BelOpt,modular_addition
0,32,4.597046345472336,0.0125,3.704881,BelOpt,modular_addition
0,33,4.5981573313474655,0.014,3.821301,BelOpt,modular_addition
0,34,4.589265450835228,0.0135,3.937763,BelOpt,modular_addition
0,35,4.595178335905075,0.012,4.054736,BelOpt,modular_addition
0,36,4.593900218605995,0.0135,4.171611,BelOpt,modular_addition
0,37,4.588668793439865,0.013,4.287692,BelOpt,modular_addition
0,38,4.583615452051163,0.0135,4.40335,BelOpt,modular_addition
0,39,4.583483889698982,0.015,4.518673,BelOpt,modular_addition
0,40,4.579829975962639,0.0145,4.635271,BelOpt,modular_addition
0,41,4.574464559555054,0.016,4.752324,BelOpt,modular_addition
0,42,4.574857741594315,0.0165,4.867197,BelOpt,modular_addition
0,43,4.572699934244156,0.016,4.984302,BelOpt,modular_addition
0,44,4.574279069900513,0.016,5.10176,BelOpt,modular_addition
0,45,4.57096441090107,0.0165,5.218852,BelOpt,modular_addition
0,46,4.570006817579269,0.0185,5.335823,BelOpt,modular_addition
0,47,4.565451338887215,0.018,5.452055,BelOpt,modular_addition
0,48,4.566385328769684,0.0185,5.568322,BelOpt,modular_addition
0,49,4.571955427527428,0.019,5.684781,BelOpt,modular_addition
0,50,4.5671016573905945,0.0185,5.801543,BelOpt,modular_addition
1,1,6.321699768304825,0.0085,0.11564,BelOpt,modular_addition
1,2,5.849268347024918,0.0095,0.23122,BelOpt,modular_addition
1,3,5.54724358022213,0.01,0.347181,BelOpt,modular_addition
1,4,5.321056604385376,0.011,0.46307,BelOpt,modular_addition
1,5,5.160727247595787,0.0105,0.579271,BelOpt,modular_addition
1,6,5.05389940738678,0.0095,0.694921,BelOpt,modular_addition
1,7,4.958866059780121,0.0095,0.810719,BelOpt,modular_addition
1,8,4.89337432384491,0.01,0.927123,BelOpt,modular_addition
1,9,4.854028820991516,0.0095,1.042242,BelOpt,modular_addition
1,10,4.802515774965286,0.011,1.158248,BelOpt,modular_addition
1,11,4.772408619523048,0.0105,1.273358,BelOpt,modular_addition
1,12,4.742939159274101,0.013,1.388634,BelOpt,modular_addition
1,13,4.724078580737114,0.0115,1.505384,BelOpt,modular_addition
1,14,4.710484564304352,0.0135,1.620523,BelOpt,modular_addition
1,15,4.691639482975006,0.011,1.735658,BelOpt,modular_addition
1,16,4.67925988137722,0.014,1.851411,BelOpt,modular_addition
1,17,4.6652059108018875,0.014,1.968018,BelOpt,modular_addition
1,18,4.662482142448425,0.0175,2.084154,BelOpt,modular_addition
1,19,4.644866794347763,0.017,2.20035,BelOpt,modular_addition
1,20,4.6428851038217545,0.017,2.316431,BelOpt,modular_addition
1,21,4.635599315166473,0.0175,2.433569,BelOpt,modular_addition
1,22,4.629624590277672,0.016,2.549741,BelOpt,modular_addition
1,23,4.623141229152679,0.0185,2.666166,BelOpt,modular_addition
1,24,4.616453140974045,0.017,2.782624,BelOpt,modular_addition
1,25,4.6167828887701035,0.017,2.898666,BelOpt,modular_addition
1,26,4.606055781245232,0.0175,3.014547,BelOpt,modular_addition
1,27,4.60459141433239,0.019,3.13,BelOpt,modular_addition
1,28,4.600722625851631,0.018,3.246609,BelOpt,modular_addition
1,29,4.593035981059074,0.0175,3.362993,BelOpt,modular_addition
1,30,4.592020601034164,0.019,3.478734,BelOpt,modular_addition
1,31,4.5896104127168655,0.0175,3.594395,BelOpt,modular_addition
1,32,4.584394380450249,0.0185,3.709474,BelOpt,modular_addition
1,33,4.581888720393181,0.0185,3.861106,BelOpt,modular_addition
1,34,4.581662535667419,0.0175,3.978461,BelOpt,modular_addition
1,35,4.577024921774864,0.0185,4.095826,BelOpt,modular_addition
1,36,4.576827853918076,0.019,4.212906,BelOpt,modular_addition
1,37,4.575603470206261,0.0205,4.330144,BelOpt,modular_addition
1,38,4.573988243937492,0.0195,4.446126,BelOpt,modular_addition
1,39,4.573923513293266,0.0205,4.563783,BelOpt,modular_addition
1,40,4.5748308300971985,0.022,4.682032,BelOpt,modular_addition
1,41,4.570194527506828,0.0225,4.798821,BelOpt,modular_addition
1,42,4.568317502737045,0.0215,4.916341,BelOpt,modular_addition
1,43,4.5655621737241745,0.022,5.032816,BelOpt,modular_addition
1,44,4.565864488482475,0.023,5.14912,BelOpt,modular_addition
1,45,4.5606561452150345,0.0235,5.265212,BelOpt,modular_addition
1,46,4.562437981367111,0.0225,5.381175,BelOpt,modular_addition
1,47,4.5619777739048,0.024,5.49718,BelOpt,modular_addition
1,48,4.560855954885483,0.0235,5.613333,BelOpt,modular_addition
1,49,4.55683733522892,0.0235,5.729494,BelOpt,modular_addition
1,50,4.557296708226204,0.0235,5.845144,BelOpt,modular_addition
2,1,5.3992046266794205,0.009,0.115729,BelOpt,modular_addition
2,2,5.201183259487152,0.009,0.231472,BelOpt,modular_addition
2,3,5.065380647778511,0.009,0.348219,BelOpt,modular_addition
2,4,4.9559163600206375,0.0085,0.464441,BelOpt,modular_addition
2,5,4.88347926735878,0.012,0.580136,BelOpt,modular_addition
2,6,4.838343545794487,0.0125,0.696056,BelOpt,modular_addition
2,7,4.796394407749176,0.0125,0.812544,BelOpt,modular_addition
2,8,4.757190331816673,0.011,0.929899,BelOpt,modular_addition
2,9,4.73242349922657,0.012,1.046825,BelOpt,modular_addition
2,10,4.71586112678051,0.011,1.163902,BelOpt,modular_addition
2,11,4.694358244538307,0.011,1.280243,BelOpt,modular_addition
2,12,4.678436845541,0.0105,1.396602,BelOpt,modular_addition
2,13,4.662346184253693,0.0115,1.513278,BelOpt,modular_addition
2,14,4.653427287936211,0.012,1.629554,BelOpt,modular_addition
2,15,4.6460054367780685,0.0145,1.74552,BelOpt,modular_addition
2,16,4.635899230837822,0.0145,1.86207,BelOpt,modular_addition
2,17,4.628002300858498,0.0145,1.978027,BelOpt,modular_addition
2,18,4.62764236330986,0.0155,2.094274,BelOpt,modular_addition
2,19,4.619081914424896,0.0155,2.210634,BelOpt,modular_addition
2,20,4.611971378326416,0.0135,2.327028,BelOpt,modular_addition
2,21,4.606624066829681,0.016,2.44432,BelOpt,modular_addition
2,22,4.602026715874672,0.016,2.561603,BelOpt,modular_addition
2,23,4.599431037902832,0.013,2.678702,BelOpt,modular_addition
2,24,4.594882354140282,0.0155,2.796038,BelOpt,modular_addition
2,25,4.58989243209362,0.014,2.913336,BelOpt,modular_addition
2,26,4.589406877756119,0.0155,3.031444,BelOpt,modular_addition
2,27,4.587212979793549,0.0155,3.148833,BelOpt,modular_addition
2,28,4.580188542604446,0.015,3.265336,BelOpt,modular_addition
2,29,4.582695811986923,0.0165,3.382536,BelOpt,modular_addition
2,30,4.578099817037582,0.019,3.497783,BelOpt,modular_addition
2,31,4.578026205301285,0.017,3.613415,BelOpt,modular_addition
2,32,4.573929488658905,0.0165,3.728763,BelOpt,modular_addition
2,33,4.570308864116669,0.0165,3.844081,BelOpt,modular_addition
2,34,4.570218443870544,0.017,3.961009,BelOpt,modular_addition
2,35,4.56895811855793,0.0165,4.077182,BelOpt,modular_addition
2,36,4.571686297655106,0.017,4.192691,BelOpt,modular_addition
2,37,4.5661167204380035,0.018,4.30743,BelOpt,modular_addition
2,38,4.5624998807907104,0.0175,4.422146,BelOpt,modular_addition
2,39,4.5631145387887955,0.016,4.537031,BelOpt,modular_addition
2,40,4.563046723604202,0.0165,4.651518,BelOpt,modular_addition
2,41,4.558415859937668,0.016,4.766305,BelOpt,modular_addition
2,42,4.557438403367996,0.0165,4.880749,BelOpt,modular_addition
2,43,4.557050779461861,0.015,4.995753,BelOpt,modular_addition
2,44,4.55909737944603,0.0165,5.111284,BelOpt,modular_addition
2,45,4.554736092686653,0.0175,5.226615,BelOpt,modular_addition
2,46,4.5558784902095795,0.019,5.341837,BelOpt,modular_addition
2,47,4.55508092045784,0.019,5.456286,BelOpt,modular_addition
2,48,4.552858233451843,0.019,5.570846,BelOpt,modular_addition
2,49,4.553012669086456,0.0185,5.684838,BelOpt,modular_addition
2,50,4.552372366189957,0.0185,5.799153,BelOpt,modular_addition
0,1,6.2354971170425415,0.014,0.11426,BelOpt,modular_addition
0,2,5.816893234848976,0.013,0.22843,BelOpt,modular_addition
0,3,5.552928775548935,0.0135,0.342389,BelOpt,modular_addition
0,4,5.357106879353523,0.013,0.455683,BelOpt,modular_addition
0,5,5.183446511626244,0.0135,0.569094,BelOpt,modular_addition
0,6,5.063287049531937,0.0155,0.682433,BelOpt,modular_addition
0,7,4.9793389439582825,0.0155,0.796082,BelOpt,modular_addition
0,8,4.90232315659523,0.0145,0.909622,BelOpt,modular_addition
0,9,4.862513020634651,0.0135,1.023116,BelOpt,modular_addition
0,10,4.811805471777916,0.014,1.13643,BelOpt,modular_addition
0,11,4.777239978313446,0.013,1.2505,BelOpt,modular_addition
0,12,4.745872691273689,0.0125,1.367258,BelOpt,modular_addition
0,13,4.71606807410717,0.0105,1.484709,BelOpt,modular_addition
0,14,4.705629914999008,0.0115,1.599623,BelOpt,modular_addition
0,15,4.689733177423477,0.0125,1.71415,BelOpt,modular_addition
0,16,4.671398118138313,0.011,1.828467,BelOpt,modular_addition
0,17,4.6660826206207275,0.01,1.944729,BelOpt,modular_addition
0,18,4.651488959789276,0.0095,2.061821,BelOpt,modular_addition
0,19,4.644907578825951,0.0115,2.178424,BelOpt,modular_addition
0,20,4.634336590766907,0.0095,2.296525,BelOpt,modular_addition
0,21,4.631909936666489,0.01,2.414315,BelOpt,modular_addition
0,22,4.619110062718391,0.0115,2.528415,BelOpt,modular_addition
0,23,4.621826022863388,0.0115,2.643269,BelOpt,modular_addition
0,24,4.612277925014496,0.0125,2.758095,BelOpt,modular_addition
0,25,4.605449095368385,0.0135,2.872238,BelOpt,modular_addition
0,26,4.602319777011871,0.013,2.986202,BelOpt,modular_addition
0,27,4.5966382175683975,0.0115,3.100185,BelOpt,modular_addition
0,28,4.593363165855408,0.0125,3.214337,BelOpt,modular_addition
0,29,4.590239569544792,0.0125,3.328614,BelOpt,modular_addition
0,30,4.588940426707268,0.0125,3.443149,BelOpt,modular_addition
0,31,4.58527447283268,0.012,3.556772,BelOpt,modular_addition
0,32,4.581359773874283,0.01,3.670748,BelOpt,modular_addition
0,33,4.58284330368042,0.0115,3.784213,BelOpt,modular_addition
0,34,4.574227049946785,0.0105,3.898288,BelOpt,modular_addition
0,35,4.57898510992527,0.0135,4.011781,BelOpt,modular_addition
0,36,4.577589824795723,0.0115,4.125581,BelOpt,modular_addition
0,37,4.574350342154503,0.0135,4.239537,BelOpt,modular_addition
0,38,4.570124223828316,0.0135,4.35553,BelOpt,modular_addition
0,39,4.569731190800667,0.014,4.471286,BelOpt,modular_addition
0,40,4.566571235656738,0.0135,4.586876,BelOpt,modular_addition
0,41,4.5610368102788925,0.0145,4.702212,BelOpt,modular_addition
0,42,4.562963515520096,0.0135,4.817454,BelOpt,modular_addition
0,43,4.560075059533119,0.014,4.932437,BelOpt,modular_addition
0,44,4.561762198805809,0.0145,5.047584,BelOpt,modular_addition
0,45,4.560904264450073,0.0125,5.162626,BelOpt,modular_addition
0,46,4.558797776699066,0.0145,5.277963,BelOpt,modular_addition
0,47,4.556317120790482,0.015,5.395103,BelOpt,modular_addition
0,48,4.555807054042816,0.0145,5.512043,BelOpt,modular_addition
0,49,4.5602696388959885,0.0155,5.628983,BelOpt,modular_addition
0,50,4.557066276669502,0.015,5.745699,BelOpt,modular_addition
1,1,6.306180194020271,0.009,0.117075,BelOpt,modular_addition
1,2,5.814601749181747,0.0095,0.233895,BelOpt,modular_addition
1,3,5.5041833370924,0.0095,0.350651,BelOpt,modular_addition
1,4,5.276186674833298,0.011,0.467175,BelOpt,modular_addition
1,5,5.116690516471863,0.011,0.586041,BelOpt,modular_addition
1,6,5.010053917765617,0.009,0.704418,BelOpt,modular_addition
1,7,4.918136179447174,0.01,0.822767,BelOpt,modular_addition
1,8,4.855627238750458,0.0105,0.939862,BelOpt,modular_addition
1,9,4.818738549947739,0.009,1.054745,BelOpt,modular_addition
1,10,4.7710156589746475,0.0105,1.169851,BelOpt,modular_addition
1,11,4.742186531424522,0.009,1.284417,BelOpt,modular_addition
1,12,4.714888796210289,0.0105,1.399666,BelOpt,modular_addition
1,13,4.697111934423447,0.012,1.515787,BelOpt,modular_addition
1,14,4.684401020407677,0.0135,1.632235,BelOpt,modular_addition
1,15,4.666189640760422,0.0125,1.748586,BelOpt,modular_addition
1,16,4.654373869299889,0.0155,1.865368,BelOpt,modular_addition
1,17,4.641528695821762,0.015,1.98123,BelOpt,modular_addition
1,18,4.637794584035873,0.0155,2.097537,BelOpt,modular_addition
1,19,4.623026445508003,0.016,2.214595,BelOpt,modular_addition
1,20,4.620088532567024,0.017,2.33078,BelOpt,modular_addition
1,21,4.613873779773712,0.0175,2.446649,BelOpt,modular_addition
1,22,4.608823657035828,0.017,2.564085,BelOpt,modular_addition
1,23,4.6027296632528305,0.0175,2.679526,BelOpt,modular_addition
1,24,4.5966861844062805,0.018,2.794017,BelOpt,modular_addition
1,25,4.59675832092762,0.0195,2.909167,BelOpt,modular_addition
1,26,4.587840110063553,0.019,3.024454,BelOpt,modular_addition
1,27,4.586765930056572,0.0185,3.139196,BelOpt,modular_addition
1,28,4.58233168721199,0.019,3.254203,BelOpt,modular_addition
1,29,4.575750112533569,0.0195,3.368842,BelOpt,modular_addition
1,30,4.575362652540207,0.0195,3.483127,BelOpt,modular_addition
1,31,4.573966234922409,0.0195,3.596694,BelOpt,modular_addition
1,32,4.568725183606148,0.018,3.70975,BelOpt,modular_addition
1,33,4.566536009311676,0.02,3.822761,BelOpt,modular_addition
1,34,4.566524431109428,0.021,3.935763,BelOpt,modular_addition
1,35,4.561959058046341,0.02,4.051595,BelOpt,modular_addition
1,36,4.562450557947159,0.0205,4.167876,BelOpt,modular_addition
1,37,4.562729045748711,0.019,4.284002,BelOpt,modular_addition
1,38,4.558667376637459,0.0175,4.400182,BelOpt,modular_addition
1,39,4.559923559427261,0.0175,4.516866,BelOpt,modular_addition
1,40,4.5603173822164536,0.0175,4.633283,BelOpt,modular_addition
1,41,4.556294605135918,0.019,4.747613,BelOpt,modular_addition
1,42,4.554773271083832,0.0195,4.861704,BelOpt,modular_addition
1,43,4.552747160196304,0.0185,4.975793,BelOpt,modular_addition
1,44,4.553482934832573,0.017,5.089766,BelOpt,modular_addition
1,45,4.551118642091751,0.0165,5.203717,BelOpt,modular_addition
1,46,4.55182971060276,0.0195,5.317643,BelOpt,modular_addition
1,47,4.550952225923538,0.018,5.431283,BelOpt,modular_addition
1,48,4.549974858760834,0.0175,5.547167,BelOpt,modular_addition
1,49,4.547735035419464,0.019,5.664234,BelOpt,modular_addition
1,50,4.54744066298008,0.0185,5.777874,BelOpt,modular_addition
2,1,5.393263101577759,0.009,0.113453,BelOpt,modular_addition
2,2,5.186333134770393,0.009,0.226712,BelOpt,modular_addition
2,3,5.045838430523872,0.009,0.33952,BelOpt,modular_addition
2,4,4.934145852923393,0.009,0.452479,BelOpt,modular_addition
2,5,4.861015439033508,0.012,0.56755,BelOpt,modular_addition
2,6,4.815118581056595,0.0125,0.683529,BelOpt,modular_addition
2,7,4.773167237639427,0.0125,0.79841,BelOpt,modular_addition
2,8,4.734934389591217,0.011,0.911432,BelOpt,modular_addition
2,9,4.710831820964813,0.0105,1.025851,BelOpt,modular_addition
2,10,4.694462567567825,0.0105,1.140458,BelOpt,modular_addition
2,11,4.6744377464056015,0.0115,1.254752,BelOpt,modular_addition
2,12,4.658617794513702,0.0115,1.369362,BelOpt,modular_addition
2,13,4.643556371331215,0.012,1.483721,BelOpt,modular_addition
2,14,4.634702041745186,0.013,1.598081,BelOpt,modular_addition
2,15,4.62797150015831,0.0145,1.712114,BelOpt,modular_addition
2,16,4.618639796972275,0.015,1.828231,BelOpt,modular_addition
2,17,4.611608773469925,0.014,1.941615,BelOpt,modular_addition
2,18,4.610494926571846,0.014,2.054708,BelOpt,modular_addition
2,19,4.6031143963336945,0.0145,2.168036,BelOpt,modular_addition
2,20,4.596570447087288,0.013,2.28145,BelOpt,modular_addition
2,21,4.591894939541817,0.0135,2.39465,BelOpt,modular_addition
2,22,4.587486699223518,0.015,2.507481,BelOpt,modular_addition
2,23,4.585654526948929,0.0135,2.620319,BelOpt,modular_addition
2,24,4.582016289234161,0.0125,2.733498,BelOpt,modular_addition
2,25,4.577478542923927,0.0135,2.84674,BelOpt,modular_addition
2,26,4.576675534248352,0.0145,2.960611,BelOpt,modular_addition
2,27,4.574793294072151,0.014,3.073889,BelOpt,modular_addition
2,28,4.5690711587667465,0.0165,3.187691,BelOpt,modular_addition
2,29,4.5705060213804245,0.016,3.301127,BelOpt,modular_addition
2,30,4.567040279507637,0.016,3.414668,BelOpt,modular_addition
2,31,4.566571354866028,0.015,3.52843,BelOpt,modular_addition
2,32,4.563537642359734,0.015,3.643563,BelOpt,modular_addition
2,33,4.559923976659775,0.016,3.758157,BelOpt,modular_addition
2,34,4.560637786984444,0.0165,3.871144,BelOpt,modular_addition
2,35,4.5593511164188385,0.015,3.984184,BelOpt,modular_addition
2,36,4.561503916978836,0.0135,4.097031,BelOpt,modular_addition
2,37,4.556222960352898,0.014,4.209611,BelOpt,modular_addition
2,38,4.553800255060196,0.015,4.322165,BelOpt,modular_addition
2,39,4.554733574390411,0.0155,4.435029,BelOpt,modular_addition
2,40,4.554966002702713,0.016,4.548069,BelOpt,modular_addition
2,41,4.550060540437698,0.0155,4.660599,BelOpt,modular_addition
2,42,4.549936190247536,0.0155,4.775788,BelOpt,modular_addition
2,43,4.549390107393265,0.0165,4.888552,BelOpt,modular_addition
2,44,4.552004441618919,0.0155,5.00119,BelOpt,modular_addition
2,45,4.548802122473717,0.0175,5.11385,BelOpt,modular_addition
2,46,4.548018515110016,0.018,5.226612,BelOpt,modular_addition
2,47,4.547899305820465,0.017,5.339062,BelOpt,modular_addition
2,48,4.546216905117035,0.017,5.451791,BelOpt,modular_addition
2,49,4.547677397727966,0.0185,5.564269,BelOpt,modular_addition
2,50,4.546484351158142,0.0175,5.678365,BelOpt,modular_addition
0,1,6.248641058802605,0.014,0.116696,BelOpt,modular_addition
0,2,5.846803724765778,0.014,0.232595,BelOpt,modular_addition
0,3,5.592052206397057,0.014,0.347993,BelOpt,modular_addition
0,4,5.401135832071304,0.0135,0.463388,BelOpt,modular_addition
0,5,5.2285304218530655,0.013,0.580245,BelOpt,modular_addition
0,6,5.107527628540993,0.0145,0.696449,BelOpt,modular_addition
0,7,5.021726340055466,0.0135,0.812343,BelOpt,modular_addition
0,8,4.9418589770793915,0.0135,0.928022,BelOpt,modular_addition
0,9,4.900682508945465,0.0135,1.043795,BelOpt,modular_addition
0,10,4.847443759441376,0.013,1.159695,BelOpt,modular_addition
0,11,4.810729801654816,0.014,1.274489,BelOpt,modular_addition
0,12,4.77771458029747,0.0155,1.388757,BelOpt,modular_addition
0,13,4.745516732335091,0.011,1.503091,BelOpt,modular_addition
0,14,4.7347875237464905,0.0105,1.617006,BelOpt,modular_addition
0,15,4.717751234769821,0.0135,1.730971,BelOpt,modular_addition
0,16,4.697468504309654,0.0115,1.844925,BelOpt,modular_addition
0,17,4.69276724755764,0.0105,1.958865,BelOpt,modular_addition
0,18,4.676711291074753,0.012,2.073827,BelOpt,modular_addition
0,19,4.668266415596008,0.013,2.189119,BelOpt,modular_addition
0,20,4.6564261466264725,0.0115,2.304531,BelOpt,modular_addition
0,21,4.654598340392113,0.012,2.420284,BelOpt,modular_addition
0,22,4.639977231621742,0.0105,2.535608,BelOpt,modular_addition
0,23,4.6431009620428085,0.0105,2.651935,BelOpt,modular_addition
0,24,4.631954610347748,0.0105,2.768299,BelOpt,modular_addition
0,25,4.624597921967506,0.011,2.884052,BelOpt,modular_addition
0,26,4.62153172492981,0.0095,2.999587,BelOpt,modular_addition
0,27,4.615595072507858,0.011,3.116929,BelOpt,modular_addition
0,28,4.61130265891552,0.013,3.232647,BelOpt,modular_addition
0,29,4.606699496507645,0.011,3.348935,BelOpt,modular_addition
0,30,4.606666281819344,0.013,3.464649,BelOpt,modular_addition
0,31,4.602924659848213,0.0145,3.580388,BelOpt,modular_addition
0,32,4.597584038972855,0.013,3.696164,BelOpt,modular_addition
0,33,4.598684296011925,0.015,3.811659,BelOpt,modular_addition
0,34,4.589821770787239,0.014,3.928029,BelOpt,modular_addition
0,35,4.595547690987587,0.0145,4.044504,BelOpt,modular_addition
0,36,4.594429433345795,0.0145,4.159476,BelOpt,modular_addition
0,37,4.589075684547424,0.0165,4.274715,BelOpt,modular_addition
0,38,4.5840193927288055,0.0135,4.389479,BelOpt,modular_addition
0,39,4.583938956260681,0.0165,4.503673,BelOpt,modular_addition
0,40,4.5801597237586975,0.0165,4.618072,BelOpt,modular_addition
0,41,4.5746490359306335,0.017,4.731808,BelOpt,modular_addition
0,42,4.575094893574715,0.018,4.846171,BelOpt,modular_addition
0,43,4.572848483920097,0.016,4.96341,BelOpt,modular_addition
0,44,4.574337363243103,0.017,5.080691,BelOpt,modular_addition
0,45,4.5710843205451965,0.0175,5.206644,BelOpt,modular_addition
0,46,4.570096522569656,0.0165,5.323001,BelOpt,modular_addition
0,47,4.565628290176392,0.019,5.440264,BelOpt,modular_addition
0,48,4.566494986414909,0.0175,5.556967,BelOpt,modular_addition
0,49,4.572243720293045,0.019,5.672401,BelOpt,modular_addition
0,50,4.567313343286514,0.019,5.787857,BelOpt,modular_addition
1,1,6.320883437991142,0.009,0.116869,BelOpt,modular_addition
1,2,5.849610045552254,0.0095,0.23238,BelOpt,modular_addition
1,3,5.547834068536758,0.0095,0.348902,BelOpt,modular_addition
1,4,5.32227498292923,0.011,0.464874,BelOpt,modular_addition
1,5,5.16181580722332,0.0105,0.580977,BelOpt,modular_addition
1,6,5.054226577281952,0.009,0.698174,BelOpt,modular_addition
1,7,4.958667173981667,0.0095,0.817082,BelOpt,modular_addition
1,8,4.892919018864632,0.01,0.935748,BelOpt,modular_addition
1,9,4.85383340716362,0.01,1.054201,BelOpt,modular_addition
1,10,4.802287295460701,0.011,1.17152,BelOpt,modular_addition
1,11,4.771853685379028,0.0105,1.287766,BelOpt,modular_addition
1,12,4.742458298802376,0.0115,1.411106,BelOpt,modular_addition
1,13,4.723708435893059,0.011,1.529192,BelOpt,modular_addition
1,14,4.710123419761658,0.014,1.646346,BelOpt,modular_addition
1,15,4.69137978553772,0.012,1.77074,BelOpt,modular_addition
1,16,4.679015949368477,0.014,1.891389,BelOpt,modular_addition
1,17,4.664964377880096,0.014,2.00719,BelOpt,modular_addition
1,18,4.662125006318092,0.0175,2.12531,BelOpt,modular_addition
1,19,4.644454717636108,0.017,2.242689,BelOpt,modular_addition
1,20,4.6425007581710815,0.017,2.357512,BelOpt,modular_addition
1,21,4.635442242026329,0.0175,2.472651,BelOpt,modular_addition
1,22,4.6292814463377,0.017,2.587729,BelOpt,modular_addition
1,23,4.62278088927269,0.0185,2.705496,BelOpt,modular_addition
1,24,4.616189569234848,0.016,2.820628,BelOpt,modular_addition
1,25,4.61641851067543,0.016,2.934676,BelOpt,modular_addition
1,26,4.605685859918594,0.0175,3.048543,BelOpt,modular_addition
1,27,4.604311883449554,0.019,3.163941,BelOpt,modular_addition
1,28,4.600405439734459,0.018,3.279038,BelOpt,modular_addition
1,29,4.592658817768097,0.018,3.394163,BelOpt,modular_addition
1,30,4.59162013232708,0.019,3.507987,BelOpt,modular_addition
1,31,4.589237347245216,0.018,3.621996,BelOpt,modular_addition
1,32,4.583929896354675,0.0185,3.737162,BelOpt,modular_addition
1,33,4.581481248140335,0.0185,3.851033,BelOpt,modular_addition
1,34,4.581359028816223,0.017,3.964417,BelOpt,modular_addition
1,35,4.576715841889381,0.0185,4.078053,BelOpt,modular_addition
1,36,4.576547145843506,0.0185,4.191948,BelOpt,modular_addition
1,37,4.57549960911274,0.02,4.308332,BelOpt,modular_addition
1,38,4.57377752661705,0.0205,4.426203,BelOpt,modular_addition
1,39,4.573796510696411,0.02,4.543943,BelOpt,modular_addition
1,40,4.574721127748489,0.0205,4.661751,BelOpt,modular_addition
1,41,4.57001094520092,0.021,4.779681,BelOpt,modular_addition
1,42,4.568213179707527,0.021,4.897224,BelOpt,modular_addition
1,43,4.56543630361557,0.0225,5.014644,BelOpt,modular_addition
1,44,4.56573973596096,0.023,5.131948,BelOpt,modular_addition
1,45,4.560662195086479,0.0235,5.250323,BelOpt,modular_addition
1,46,4.562321871519089,0.023,5.365817,BelOpt,modular_addition
1,47,4.5618573278188705,0.024,5.483151,BelOpt,modular_addition
1,48,4.560616239905357,0.0235,5.601662,BelOpt,modular_addition
1,49,4.556540787220001,0.0235,5.71799,BelOpt,modular_addition
1,50,4.5570001900196075,0.024,5.842344,BelOpt,modular_addition
2,1,5.399236291646957,0.009,0.132197,BelOpt,modular_addition
2,2,5.200958833098412,0.009,0.24803,BelOpt,modular_addition
2,3,5.065545529127121,0.009,0.364652,BelOpt,modular_addition
2,4,4.955790549516678,0.0085,0.480814,BelOpt,modular_addition
2,5,4.8832409381866455,0.012,0.596973,BelOpt,modular_addition
2,6,4.838058158755302,0.0125,0.714211,BelOpt,modular_addition
2,7,4.795777723193169,0.0125,0.831438,BelOpt,modular_addition
2,8,4.75658093392849,0.0115,0.946464,BelOpt,modular_addition
2,9,4.731712356209755,0.012,1.0624,BelOpt,modular_addition
2,10,4.715166449546814,0.0105,1.179194,BelOpt,modular_addition
2,11,4.693920135498047,0.0115,1.295203,BelOpt,modular_addition
2,12,4.677835762500763,0.011,1.41097,BelOpt,modular_addition
2,13,4.661602824926376,0.013,1.526293,BelOpt,modular_addition
2,14,4.65279982984066,0.0135,1.641131,BelOpt,modular_addition
2,15,4.6453325897455215,0.0145,1.755397,BelOpt,modular_addition
2,16,4.635084018111229,0.015,1.876559,BelOpt,modular_addition
2,17,4.627416551113129,0.015,1.995587,BelOpt,modular_addition
2,18,4.627044230699539,0.0155,2.110361,BelOpt,modular_addition
2,19,4.618554621934891,0.0155,2.224906,BelOpt,modular_addition
2,20,4.611325904726982,0.0135,2.339645,BelOpt,modular_addition
2,21,4.606131762266159,0.015,2.454523,BelOpt,modular_addition
2,22,4.601486355066299,0.0155,2.569684,BelOpt,modular_addition
2,23,4.599101021885872,0.012,2.685064,BelOpt,modular_addition
2,24,4.594561994075775,0.0155,2.800404,BelOpt,modular_addition
2,25,4.589531749486923,0.0115,2.91559,BelOpt,modular_addition
2,26,4.589147433638573,0.015,3.030701,BelOpt,modular_addition
2,27,4.587025880813599,0.0175,3.146155,BelOpt,modular_addition
2,28,4.580012962222099,0.0155,3.261069,BelOpt,modular_addition
2,29,4.58254000544548,0.0185,3.376174,BelOpt,modular_addition
2,30,4.577948644757271,0.019,3.492073,BelOpt,modular_addition
2,31,4.577894672751427,0.0175,3.610185,BelOpt,modular_addition
2,32,4.573881894350052,0.017,3.726985,BelOpt,modular_addition
2,33,4.570247143507004,0.0165,3.844765,BelOpt,modular_addition
2,34,4.570300906896591,0.016,3.962832,BelOpt,modular_addition
2,35,4.568996906280518,0.017,4.084322,BelOpt,modular_addition
2,36,4.57171368598938,0.0175,4.200845,BelOpt,modular_addition
2,37,4.5662586987018585,0.018,4.315383,BelOpt,modular_addition
2,38,4.562545642256737,0.0185,4.430205,BelOpt,modular_addition
2,39,4.5631818771362305,0.017,4.544715,BelOpt,modular_addition
2,40,4.563141167163849,0.017,4.659602,BelOpt,modular_addition
2,41,4.55842362344265,0.0175,4.774485,BelOpt,modular_addition
2,42,4.557608440518379,0.018,4.89181,BelOpt,modular_addition
2,43,4.557089373469353,0.0165,5.00826,BelOpt,modular_addition
2,44,4.5592260509729385,0.018,5.125222,BelOpt,modular_addition
2,45,4.55476813018322,0.0195,5.24166,BelOpt,modular_addition
2,46,4.555902868509293,0.0185,5.358171,BelOpt,modular_addition
2,47,4.5551715940237045,0.0195,5.474532,BelOpt,modular_addition
2,48,4.553036153316498,0.018,5.590722,BelOpt,modular_addition
2,49,4.553164973855019,0.018,5.70638,BelOpt,modular_addition
2,50,4.552392438054085,0.0175,5.821801,BelOpt,modular_addition
